EA,748,Gadgets & Games,57,274186,3.33,1636,288
nabildo,747,Music,170,48417,4.16,161,78
Atvaark,748,Film & Animation,299,41619,4.44,131,112
Zer0ph34r,747,Comedy,23,38080,4.49,262,65
RobinThickeOfficial,748,Music,26,36140,3.89,19,11
chorest,748,Comedy,47,26289,4.59,97,23
specialgirlsasiana,748,People & Blogs,26,21409,3.06,18,5
desheik,747,People & Blogs,155,15374,3.83,46,34
wowguide111,749,Entertainment,156,19290,4.29,7,5
avmania123,748,Entertainment,324,19231,5.0,5,0
burninlover,747,Film & Animation,137,18894,4.52,122,42
bolaoito2007,747,Sports,230,18425,4.14,14,8
aksar69,748,People & Blogs,47,18278,3.1,10,2
bushbaby999,747,News & Politics,30,17978,1.0,35,10
infelt,749,Entertainment,25,17506,5.0,22,22
boringcrap001,747,Autos & Vehicles,570,17082,4.51,43,45
UltimateKeliss,748,Entertainment,103,16122,3.33,9,7
AllHipHopcom,748,Music,356,6329,5.0,2,5
FlashAndEscape,748,Howto & DIY,276,15245,4.25,24,35
temairi,747,Music,245,14062,3.96,79,53
everlastingsmile77,747,Entertainment,654,13849,4.84,88,45
hockeyfightsdotcom,747,Sports,24,9682,4.81,26,6
THEUSEDCHANNEL,748,Music,161,11199,4.86,21,40
HaniHajime,748,Pets & Animals,55,13420,3.7,10,0
danipierra,749,Entertainment,208,13020,3.76,17,30
everlastingsmile77,747,Entertainment,656,12800,4.84,89,11
bopepper,747,Music,178,8119,4.71,7,2
oneminormishap07,748,Comedy,97,12612,3.54,35,15
addict2ad,749,Entertainment,35,12534,5.0,1,0
WilliamSledd,749,People & Blogs,448,12248,4.35,414,392
xeo15,748,Comedy,60,12247,4.38,26,11
MuscleHead570,747,News & Politics,83,11899,3.57,28,62
masun2,748,Entertainment,95,11559,4.71,7,4
yester78,748,Entertainment,126,11342,5.0,21,15
everlastingsmile77,747,Entertainment,658,11067,4.97,90,22
rtpsa,748,Comedy,50,8017,4.17,12,4
ysabellabravetalk,747,People & Blogs,42,10786,4.69,83,76
blucuttie728,748,Entertainment,601,10736,4.8,35,25
hockeyfightsdotcom,747,Sports,53,8235,4.89,9,0
millionmovies,749,Entertainment,520,0,0.0,0,0
dima112233,748,People & Blogs,29,4089,1.62,8,1
wuwm,748,News & Politics,31,10237,3.61,18,25
rennestar,747,Sports,16,10177,4.69,26,20
giomic,748,News & Politics,160,3801,3.24,29,91
cfclamps1,748,Entertainment,595,10069,4.73,15,5
zoltangrossman,748,News & Politics,363,6293,3.64,33,71
wepiana,748,Entertainment,292,9867,4.56,9,11
saulomaligno,748,Film & Animation,451,9717,4.69,49,33
emeseditorials,747,Sports,200,9681,5.0,9,14
maddoxaom,746,Entertainment,77,111983,4.29,140,115
CCGIRLNYC,746,News & Politics,141,107855,4.21,147,516
teresanoreen,746,People & Blogs,75,75644,1.62,318,12
oasa4,746,Comedy,256,69618,3.01,231,155
kabalen143,746,Entertainment,137,66591,4.69,375,88
chadagg,748,News & Politics,669,3611,4.71,206,113
DiGiTiLsOuL,748,Comedy,62,2446,4.55,203,151
littleloca,748,People & Blogs,271,3425,4.6,178,124
Blendtec,749,Entertainment,86,2643,4.89,144,81
brettkeane,749,People & Blogs,144,379,4.45,174,34
toprank144,748,Music,196,422,4.85,133,0
toprank144,749,Music,305,203,4.9,125,0
Karla193,749,Entertainment,473,5458,4.85,131,75
barrock81,748,Comedy,527,1350,4.64,135,15
Karla193,749,Entertainment,473,4812,4.76,131,122
TheAmazingAtheist,749,People & Blogs,879,407,4.66,126,83
khayav,749,News & Politics,72,1364,4.76,123,172
Karla193,749,Entertainment,461,4296,4.79,121,50
HellionExciter,748,People & Blogs,532,2369,4.43,136,109
Blendtec,749,Entertainment,93,2052,4.72,109,61
geerawrd111,749,Film & Animation,555,426,4.82,96,27
geerawrd111,749,Film & Animation,532,1077,4.82,101,26
CherylShuman90210,748,People & Blogs,412,302,4.96,100,11
brettkeane,748,People & Blogs,527,1239,4.54,117,93
geerawrd111,748,Film & Animation,622,1433,4.94,94,21
barrock81,748,Comedy,281,911,4.92,88,26
coolsmurf,748,Entertainment,450,2251,4.87,92,51
geerawrd111,749,Film & Animation,454,964,4.83,93,21
theboringdispatcher,748,People & Blogs,581,1728,4.56,108,94
geerawrd111,748,Film & Animation,514,1311,4.86,94,35
barrock81,748,Comedy,331,1306,4.95,85,13
serathing,748,Entertainment,656,3606,4.92,84,41
geerawrd111,748,Film & Animation,482,1171,4.88,85,26
brokensonnet2,749,Entertainment,579,2830,4.82,91,36
serathing,748,Entertainment,650,3045,4.92,83,36
domains4life,748,Entertainment,14,3029,4.4,107,0
mikey6060,749,Entertainment,229,179,4.94,79,1
monyoman,748,Comedy,545,1323,4.36,101,21
brokensonnet2,749,Entertainment,535,2586,4.71,83,18
peteandbrian,742,Comedy,211,36470,4.65,363,61
explosmdotcom,746,Comedy,73,28107,4.59,332,53
mrpregnant,748,Comedy,83,4031,4.28,100,231
serathing,748,Entertainment,233,2681,5.0,50,106
DeviLizious,748,Music,199,359,4.64,25,108
DerMarx,749,Film & Animation,229,640,4.9,60,116
TheFriendlyGeek,748,People & Blogs,230,492,3.44,34,101
nalts,749,Comedy,119,1334,4.71,78,94
F1lmJunkie,748,Film & Animation,129,236,4.76,21,90
ThePhatCritic,748,Sports,989,1301,4.76,45,90
DrLemur,748,Film & Animation,106,444,4.89,57,86
applemilk1988,748,People & Blogs,335,2800,4.67,73,82
nyOPERAguy,748,People & Blogs,177,364,4.57,30,78
JediMstrKris,747,Entertainment,178,741,4.1,10,74
caseyjo5,748,Entertainment,627,240,4.48,31,70
HellionExciter,748,Music,287,1496,3.63,105,70
RomneyWordsworth,747,News & Politics,197,5394,3.33,12,70
kotasHQ,747,Gadgets & Games,384,950,4.97,38,69
battim,747,Comedy,285,476,4.81,21,68
thevinerhyme,748,People & Blogs,597,157,2.83,12,62
brettkeane,748,People & Blogs,481,685,4.59,56,63
jenluv37,748,Entertainment,851,346,4.65,46,64
theboringdispatcher,748,People & Blogs,150,1546,4.39,72,63
anafree,747,Music,200,2134,4.25,89,63
Daylow,747,Music,244,227,5.0,13,59
els666,748,Music,266,2328,4.62,32,59
AericWinter,748,People & Blogs,587,337,4.8,30,59
kingcharlemagne23,747,People & Blogs,349,326,4.82,17,57
els666,748,People & Blogs,595,2137,4.69,32,56
curt344,747,Travel & Places,352,134,4.86,14,55
nayders07,748,People & Blogs,125,479,4.63,35,54
sumfight,748,People & Blogs,115,326,4.59,17,54
EA,748,Gadgets & Games,60,3615,4.71,7,10
EA,748,Gadgets & Games,60,1466,3.86,7,9
EA,748,Gadgets & Games,87,1191,3.4,5,14
EA,748,Gadgets & Games,60,1808,4.55,11,8
EA,743,Gadgets & Games,29,248,4.2,5,1
EA,743,Gadgets & Games,29,420,3.67,6,2
EA,743,Gadgets & Games,29,243,4.0,4,2
EA,743,Gadgets & Games,29,225,3.0,2,1
EA,743,Gadgets & Games,29,476,5.0,1,0
EA,743,Gadgets & Games,29,230,5.0,2,1
EA,743,Gadgets & Games,29,331,3.67,3,1
EA,743,Gadgets & Games,29,197,5.0,1,0
EA,743,Gadgets & Games,29,97,0.0,0,0
hustla6190,748,Music,171,2253,4.83,12,9
pointdexter224,721,Music,247,5513,5.0,15,12
illRoots,748,Music,170,228,4.67,3,1
RapBlueprintCom,748,Music,170,396,5.0,1,0
ChronicCast,749,Entertainment,188,400,5.0,1,2
RapGodFathers1,749,Music,171,310,0.0,0,0
emurami,724,Music,250,8055,4.96,25,11
Snorlax637,749,Music,170,90,0.0,0,1
TheHoodSupplyer,748,Music,170,186,0.0,0,2
GrrlWonder,741,Entertainment,70,517,5.0,1,0
JbpJuice,749,Music,171,13,0.0,0,0
Punisher31313,748,Film & Animation,302,1949,5.0,8,2
DoubleDammit,670,Comedy,68,1995,2.0,34,21
DaxFoxPie,745,Film & Animation,203,511,4.0,3,1
Rubeus2006,680,Entertainment,100,806,3.67,3,0
Gimper5,748,Entertainment,191,342,4.78,9,2
elpadrino23,650,Entertainment,187,9205,4.72,29,13
sharlei2,661,Entertainment,150,8681,5.0,23,17
Elginmusic,730,Music,124,704,4.0,5,3
JD2XS,638,Entertainment,30,1250,3.33,3,1
Dymez513,728,News & Politics,321,371,0.0,0,0
Josefsing,748,Music,221,75,5.0,2,2
uristeph4eva,410,Music,241,20827,4.82,57,24
cicsprd,704,Entertainment,197,187629,2.5,8,5
cicsprd,670,Entertainment,80,51838,0.0,0,1
cicsprd,621,Entertainment,17,171649,2.0,9,0
bigwilliams1989,719,Entertainment,21,33793,3.67,3,2
cicsprd,606,Sports,8,167443,1.3,10,0
sexii4949,738,People & Blogs,132,73662,4.55,11,0
sexii2929,738,People & Blogs,41,54588,2.73,15,3
sexii1919,738,People & Blogs,78,42610,4.0,8,1
sexii4949,0,UNA,163,23500,4.31,16,2
sexii1919,740,People & Blogs,87,18207,4.0,4,0
sexii4949,0,UNA,169,11561,4.57,14,1
sexii1919,738,People & Blogs,62,9729,5.0,2,0
sexii2929,738,People & Blogs,31,23401,3.25,8,0
sexii1919,738,People & Blogs,55,10552,5.0,1,0
sexii2929,738,People & Blogs,11,10265,3.0,2,0
sexii2929,738,People & Blogs,13,5300,5.0,1,0
j122q2,748,Entertainment,4,567,0.0,0,0
AndyRoo17,0,UNA,18,1585,3.4,5,8
taro2147,669,Entertainment,142,71201,3.2,5,1
specialgirlsasiana,0,UNA,74,10507,3.9,10,1
desheik,677,Comedy,240,55377,3.51,275,202
desheik,0,UNA,212,266625,2.45,352,182
desheik,685,Comedy,228,40415,2.3,168,90
desheik,0,UNA,176,269655,1.75,358,65
desheik,0,UNA,92,77172,3.0,113,85
desheik,0,UNA,332,71141,3.63,123,73
desheik,0,UNA,257,255877,2.54,311,199
desheik,0,UNA,202,208684,1.41,591,184
desheik,732,Comedy,265,31283,3.77,52,50
desheik,0,UNA,241,37487,3.44,54,23
desheik,704,Comedy,377,15086,3.65,34,29
desheik,680,Comedy,174,77948,3.01,151,90
desheik,639,News & Politics,81,11924,4.0,17,10
desheik,717,Comedy,90,29178,3.18,150,177
desheik,0,UNA,223,287411,1.31,997,226
Doubledee90,670,Comedy,186,1314,2.92,12,13
w0rldpeace,720,Comedy,163,275,4.2,5,2
Nanorider,682,Comedy,12,10206,2.54,13,3
MadHog,573,Gadgets & Games,300,1186,3.0,4,7
preludeofshadow,502,Gadgets & Games,204,1039,3.0,2,4
DoanDavid,743,Entertainment,198,322,4.0,2,2
vendeloare,625,Music,83,465,0.0,0,0
arcate,500,Gadgets & Games,247,1966,2.88,8,4
ShiraZtheGreatOne,692,Gadgets & Games,199,356,2.0,2,3
semjonek,690,Gadgets & Games,115,565,3.0,2,1
halsed,647,Gadgets & Games,175,704,4.5,2,0
DP200X,730,Gadgets & Games,86,1663,3.25,4,1
mikojones,474,Gadgets & Games,190,1382,3.75,4,0
sewicyde,628,Gadgets & Games,429,306,0.0,0,1
croku,688,Gadgets & Games,402,266,5.0,4,0
ERaddict,734,People & Blogs,328,674,4.91,11,5
zivtong,671,Entertainment,600,32315,4.93,14,1
edison7027,623,People & Blogs,43,51746,4.79,24,0
antowong,747,Music,113,475,0.0,0,0
cgle,635,People & Blogs,15,10262,4.67,3,1
cgle,635,People & Blogs,15,8327,5.0,1,0
vxkecb,717,Entertainment,12,5211,3.67,3,0
vxkecb,717,Entertainment,24,11026,4.15,13,1
theearthman,724,People & Blogs,14,2996,5.0,4,1
aaliyahmustlove,521,Film & Animation,583,13988,1.5,8,1
miccheck,557,Entertainment,274,25822,4.29,14,2
aaliyahmustlove,521,Film & Animation,291,6309,2.0,4,0
sapporokatu,525,People & Blogs,115,29549,4.55,22,5
vxkecb,717,Entertainment,130,7853,4.75,4,0
primabera,725,Music,103,3214,5.0,1,0
vxkecb,717,Entertainment,70,2885,5.0,1,0
ksoccer1st,730,Entertainment,3,3132,1.0,6,3
PowerSurge727,749,Film & Animation,75,1428,5.0,5,7
4337dside4337,748,Comedy,59,966,4.25,4,1
garyploski,641,Comedy,490,874,4.0,13,4
Demasu,509,Gadgets & Games,220,7091,3.28,46,18
publicados,654,News & Politics,631,852,5.0,2,1
andresouls,645,People & Blogs,30,169,0.0,0,1
jmac92,718,Comedy,76,109,0.0,0,0
mmvideo,418,Entertainment,189,149,0.0,0,0
SoundSystemBrazil,642,Music,238,229,3.0,1,0
joaosilvestre,395,People & Blogs,48,10955,3.0,11,8
toskoleo,538,Music,233,177,0.0,0,0
mmvideo,727,Film & Animation,190,3,0.0,0,0
Angeloclemente,602,Entertainment,206,328,5.0,1,0
blockdark,648,Gadgets & Games,246,224,5.0,3,0
ECOTV,567,Entertainment,169,982,0.0,0,0
Valentino67,442,Music,180,1136,4.88,8,1
publicados,659,Comedy,642,14580,4.26,19,11
crashdownbr,640,Music,580,457,5.0,1,4
MysticMountain1,713,People & Blogs,84,559,4.6,5,0
reliecer,723,Travel & Places,12,52,0.0,0,0
Pingolada,715,Sports,82,467,0.0,0,1
Angeloclemente,602,Entertainment,206,200,0.0,0,0
aksar69,0,UNA,441,6007,3.14,7,4
aksar69,0,UNA,80,13607,4.29,31,7
aksar69,0,UNA,73,15527,2.94,33,2
aksar69,0,UNA,76,5560,4.38,8,0
aksar69,0,UNA,52,9505,2.13,23,3
aksar69,0,UNA,15,14831,1.73,11,3
aksar69,0,UNA,15,4191,4.33,3,1
aksar69,0,UNA,24,3707,3.0,1,1
RazputinQuemandote,615,Comedy,128,2740,5.0,4,1
navamalk,597,News & Politics,244,1882,4.0,5,3
btovix,543,Comedy,186,908,5.0,1,7
brunolanders,589,News & Politics,82,596,0.0,0,0
skamends,650,Film & Animation,177,392,0.0,0,1
jvcgtx,567,Comedy,121,405,1.0,2,2
Favourite14,718,Entertainment,68,2,0.0,0,0
busjack,503,Entertainment,92,1109,4.12,8,4
bushbaby999,608,Comedy,196,95147,4.49,35,0
bushbaby999,585,Entertainment,64,15003,2.13,15,10
busjack,523,Entertainment,36,241,1.4,5,1
bushbaby999,542,Entertainment,281,60240,4.2,10,0
bushbaby999,543,Entertainment,483,13309,3.2,5,0
bushbaby999,537,Entertainment,174,144562,3.83,30,3
bushbaby999,510,Entertainment,157,92067,4.41,34,5
busjack,0,UNA,149,85087,4.33,126,113
maluvideos,618,Music,260,13277,4.6,5,2
busjack,542,Sports,88,43748,4.53,55,27
wrestleheatradio,727,Entertainment,88,9849,3.07,15,6
jr512,748,Entertainment,32,3632,5.0,7,8
IncidentalHeroes,747,News & Politics,206,588,4.18,11,30
LOLkid3,733,Entertainment,30,298,0.0,0,0
tonystark16,716,Entertainment,30,73,0.0,0,0
ind3lig3ntxon3,703,Entertainment,541,892,4.0,5,1
r8man,748,Autos & Vehicles,498,951,5.0,5,10
loverosetyler,749,Autos & Vehicles,456,380,4.88,8,3
BBCWorldwide,724,Autos & Vehicles,271,8112,4.8,35,14
BBCWorldwide,724,Autos & Vehicles,557,29068,4.72,114,26
nubbie1944,718,Autos & Vehicles,232,21931,4.88,24,20
ZEDRY,707,Autos & Vehicles,554,25090,4.36,25,37
mariusviz,728,Autos & Vehicles,322,28561,4.86,72,29
stkog,565,Entertainment,421,14094,3.86,21,17
compucool,740,Autos & Vehicles,347,23840,4.82,105,24
musicfan1267,569,Music,219,91092,4.62,239,93
missgigi,335,Music,233,84247,4.77,330,153
vasirofe21,597,Music,225,16319,4.85,48,17
sup3rstarz,452,Music,441,26977,4.4,55,16
thriftshopxl,564,Music,242,12959,4.6,63,25
billydeeuk,577,Music,273,68028,4.77,282,124
DramaTube,595,Music,258,10210,4.8,25,15
anexfanatic,476,Entertainment,283,13353,2.96,24,23
AllHipHopcom,737,Music,109,20287,4.8,15,13
AllHipHopcom,603,Music,38,72255,4.33,102,186
AllHipHopcom,737,Music,101,17721,5.0,10,5
norcoryde1,748,Howto & DIY,44,1970,3.8,15,13
freathinker,748,Howto & DIY,464,2201,4.47,15,11
SneiperKarl,748,Howto & DIY,54,218,2.5,2,2
emtrane,747,Entertainment,123,9444,2.73,15,15
tobuscus,748,Howto & DIY,50,4800,4.71,42,37
SharkSkull,748,Howto & DIY,211,1823,3.44,9,12
laboss1,748,Howto & DIY,257,913,3.0,4,4
Jazzyvx8100,747,Comedy,3,5596,2.92,13,10
WEINERprod,744,Film & Animation,520,435,3.57,7,3
galvetraz302,742,Film & Animation,323,309,1.0,1,0
4yui,733,Entertainment,278,13297,5.0,30,12
lilone0120,736,Music,278,4182,5.0,10,1
ryokamelove,735,Music,268,2000,5.0,2,0
lumaki,748,Music,245,5913,4.85,13,3
haretenki,747,Music,245,1417,4.86,7,6
AkimotoKumiko,735,Music,268,5130,5.0,5,4
aibazoie,748,Music,245,905,5.0,7,2
peter192220,747,Music,245,1957,5.0,2,0
pinkukikkon,748,Music,244,1600,4.8,10,0
disdaflypnai,747,Music,245,493,5.0,1,0
kumithebest,748,Music,245,458,5.0,1,0
nanhvuong,748,Music,245,108,5.0,2,1
SCYPER,747,Music,245,316,5.0,4,0
layjapa,738,Music,278,3339,5.0,5,0
RanP2007,734,Music,268,2793,4.6,5,2
funkycucumber,731,Entertainment,213,10263,4.73,15,18
RanP2007,748,Music,245,506,5.0,4,2
capslocklove,748,Music,245,28,0.0,0,0
funkycucumber,731,Entertainment,241,11862,4.89,27,21
thefuture17,724,Sports,58,245,0.0,0,0
BNFIGHTSITE,748,Sports,24,208,3.67,3,1
ghollett,748,Sports,24,84,3.0,1,0
GRiSHoCKEY,660,Sports,58,2217,5.0,1,4
FloPoErich,732,Sports,63,934,5.0,3,0
harskiharska,642,Sports,287,6020,4.75,20,9
EFitzhume,716,Sports,88,5888,4.83,6,0
BNFIGHTSITE,660,Sports,213,1536,5.0,4,1
hockeyfightsdotcom,743,Sports,51,4413,5.0,2,2
GRiSHoCKEY,717,Sports,52,3850,5.0,2,1
maxdonno,740,Film & Animation,136,746,0.0,0,0
fantastico20072007,749,Comedy,208,495,5.0,2,1
bopepper,694,Music,237,23264,3.92,12,5
paulrowley1969,552,Music,203,378,5.0,1,2
bopepper,695,Music,169,867,5.0,2,0
paulrowley1969,612,Film & Animation,311,209,4.75,4,8
wizeguy78,341,Comedy,105,509,5.0,1,5
sokalski,619,Music,32,986,1.86,14,21
Gladiam,470,Music,35,954,3.0,2,2
holidaydream,671,Comedy,167,108,5.0,2,0
funnyfeeling,533,Music,9,489,3.0,2,0
redhaio,556,Music,116,26540,4.91,117,50
roellie123,719,People & Blogs,154,153,3.67,3,0
albAX,311,People & Blogs,141,128479,4.21,338,231
hipinat,641,Comedy,262,10529,4.6,20,10
Harpsucker,545,Music,512,12203,4.76,67,27
budakdk,584,Entertainment,556,44638,4.72,188,109
xspace360,749,People & Blogs,173,372,3.44,9,5
MatzeR89,580,Comedy,181,449,4.0,4,3
BADtimmay,610,Comedy,59,204,2.0,1,0
olejoerges,732,Entertainment,60,122,0.0,0,0
Depp1978,737,Comedy,60,115,0.0,0,0
murrat8,717,People & Blogs,34,189,0.0,0,0
evilcreaturez,504,Film & Animation,326,416,4.67,3,0
MatzeR89,720,Entertainment,73,64,0.0,0,0
pac209,724,Comedy,61,71,0.0,0,0
bailey0621,723,People & Blogs,10,478,1.0,1,0
Mustafa384,736,News & Politics,26,68,0.0,0,0
xGarrYx,729,Pets & Animals,15,90,5.0,1,0
manfredjost,502,Howto & DIY,8,60,0.0,0,0
MuscleHead570,748,News & Politics,243,223,3.5,4,4
MuscleHead570,615,News & Politics,305,349,3.25,12,7
MuscleHead570,746,News & Politics,105,351,3.0,4,0
Tamirlan2000,747,People & Blogs,94,797,0.0,0,1
kellerblog,610,Entertainment,62,715,2.75,4,9
SouthAzerbaijan,741,People & Blogs,276,571,4.0,12,8
heyanna,0,UNA,354,3798,4.56,25,13
tunfiskur,696,Film & Animation,171,3283,5.0,24,30
xtrafficinthesky,461,People & Blogs,86,685,5.0,1,2
landorocks,749,Comedy,269,30,0.0,0,0
coolarcadesdotnet,635,Music,316,237,0.0,0,0
ruscain,713,News & Politics,459,83,0.0,0,0
ruscain,735,News & Politics,599,82,0.0,0,1
ArmyOfAngelz,744,Film & Animation,70,22,5.0,1,2
kliokinawa,547,Entertainment,231,42903,4.35,31,15
abbas10000,747,Travel & Places,173,25,0.0,0,0
artistpres,736,Film & Animation,106,8,5.0,1,0
yester78,636,Entertainment,127,81104,4.51,83,52
sugarygal77,715,Entertainment,377,7104,5.0,10,4
yester78,629,Entertainment,144,97866,4.58,66,37
yester78,643,Entertainment,124,79177,4.65,55,33
yester78,741,Entertainment,137,59378,4.73,75,26
yester78,720,Entertainment,124,32883,4.88,59,23
yester78,734,Entertainment,113,34015,4.87,38,26
yester78,713,Entertainment,112,18791,4.52,25,15
yester78,622,Entertainment,159,32884,4.88,42,21
yester78,616,Entertainment,148,25285,4.73,15,7
strnger,623,Entertainment,151,14852,4.91,11,8
IMDbJeebs,742,Entertainment,137,16685,4.78,36,9
AbuDunXX,644,Entertainment,124,25262,4.84,25,17
ea186,706,Entertainment,136,49181,4.81,32,25
AbuDunXX,735,Entertainment,113,30208,4.71,41,15
rtpsa,741,Comedy,53,18854,4.8,10,0
lantejoulaspower,740,Comedy,121,5144,4.86,21,1
lantejoulaspower,748,Comedy,124,1387,4.88,8,0
luismfm70,740,Comedy,51,1890,4.85,13,1
joaoneck,747,Comedy,50,2973,4.6,15,3
joaoneck,740,Comedy,52,1392,4.8,5,0
celiaccm,740,Comedy,52,394,0.0,0,0
flaviobei,534,Sports,23,1815,4.0,2,0
flaviobei,534,Sports,14,835,1.0,1,1
francsgs,345,News & Politics,63,19611,4.95,19,4
crianeo,636,Comedy,70,14843,4.7,23,2
hbesteiro,658,Comedy,63,7142,4.33,9,5
Patux73,587,People & Blogs,63,5796,5.0,6,0
JMMAPG,605,Comedy,63,1222,5.0,3,0
davidejcosta,692,People & Blogs,63,5718,4.67,6,4
pifo,609,People & Blogs,63,2244,5.0,4,0
pauloyahoo,613,People & Blogs,304,1743,5.0,3,0
jelsonbecker,698,People & Blogs,143,2196,5.0,2,0
TAMAGOaudiovisual,727,People & Blogs,83,30,5.0,1,0
dentistadobem,688,People & Blogs,179,369,0.0,0,0
Sugartalker,739,People & Blogs,156,520,5.0,18,21
123lucyfur,741,Entertainment,34,16310,4.93,15,15
LitoMizzThuy,572,Entertainment,480,547,4.67,3,1
crossadvocate,749,Entertainment,630,237,5.0,5,2
Akino2,604,Film & Animation,193,9884,3.71,38,13
merkamoon123,713,Entertainment,559,1461,5.0,5,0
KARAOKE4LIFE,702,Music,321,267,5.0,1,2
BNFIGHTSITE,748,Sports,53,156,2.0,1,1
nikolaib1983,672,Howto & DIY,376,17515,4.06,18,12
talmormedia,740,Film & Animation,164,35906,4.09,44,0
talmormedia,739,Film & Animation,345,5108,3.52,25,0
talmormedia,739,Film & Animation,107,1678,4.56,9,0
talmormedia,739,Film & Animation,151,1942,3.7,10,0
infinityworld,744,News & Politics,160,2894,4.56,9,13
LoftonFilms,747,Entertainment,277,671,2.33,6,1
moonlightbateman,746,News & Politics,471,485,0.0,0,0
aumprakash,747,News & Politics,98,544,3.0,4,4
rgbda,742,News & Politics,191,459,3.33,6,3
VisionTV2,743,Entertainment,51,669,4.0,4,0
deborahgotts,741,News & Politics,29,1076,5.0,2,3
NTprof,748,Entertainment,301,112,0.0,0,0
kryptologos,748,Film & Animation,510,47,1.0,1,0
MOB92207,741,Entertainment,29,315,5.0,2,0
kryptologos,748,Film & Animation,476,16,0.0,0,0
suesch,742,News & Politics,175,1513,3.81,16,0
talmormedia,739,Film & Animation,231,2463,3.95,19,0
talmormedia,739,Film & Animation,97,3702,4.38,13,0
2crazyboys,748,Music,125,329,1.0,1,1
RAPBIGICP1,604,Comedy,138,764,3.0,2,7
AlphaBravoV,734,Gadgets & Games,248,335,5.0,2,3
karljt,714,Comedy,53,1625,5.0,3,6
jack2454,714,Comedy,53,171,0.0,0,1
strballer23,671,Comedy,30,225,1.0,1,0
1stgirldotcom,714,Comedy,53,208,0.0,0,0
brokenmnms,382,Entertainment,8,1182,1.0,6,0
biotechguy0331,550,Comedy,16,1872,2.33,3,1
masonboy,712,Comedy,502,241,5.0,1,2
jones4carrie,140,Comedy,146,1191,1.75,4,3
Marlagg,608,News & Politics,14,735,0.0,0,0
blueliquidjuice,653,News & Politics,160,2746,3.5,4,4
harveyhead,727,Comedy,78,86,5.0,1,1
valerie96761,654,People & Blogs,94,47,0.0,0,0
lilmzluvable53,353,Entertainment,9,523,0.0,0,0
amrbasha,422,Comedy,14,562,1.0,1,0
swingfire,735,Entertainment,20,140,5.0,1,0
Hashboy890,491,People & Blogs,8,185,0.0,0,0
enterfullblown2000,461,Entertainment,154,172,0.0,0,0
fefeth,747,Sports,220,4809,5.0,25,10
rennestar,748,Sports,15,1046,5.0,3,0
Nukibag,478,Entertainment,92,7522,4.71,14,13
poloxmx,589,Entertainment,526,4549,4.07,28,18
esaax,660,Film & Animation,511,2775,3.67,6,3
giomic,668,Entertainment,276,1182,4.8,5,4
giovannimicci,663,Film & Animation,92,1409,5.0,6,0
Bestiacane,742,Entertainment,120,231,0.0,0,0
chiminch,728,News & Politics,303,340,5.0,2,0
giomic,721,News & Politics,266,202,5.0,2,1
chiminch,728,Entertainment,629,77,5.0,1,0
giomic,717,News & Politics,252,257,5.0,3,0
chiminch,707,Entertainment,465,99,5.0,1,0
chiminch,728,News & Politics,318,130,5.0,1,0
giomic,710,News & Politics,175,129,5.0,1,1
chiminch,730,News & Politics,295,59,5.0,1,0
cfclamps1,748,Entertainment,581,5301,4.44,9,6
cfclamps1,748,Entertainment,561,8066,3.77,13,5
cfclamps1,748,Entertainment,549,6740,4.4,5,6
cfclamps1,748,Entertainment,393,5059,4.75,4,3
cfclamps1,748,Entertainment,249,5106,5.0,7,3
AXsmileSP,748,Entertainment,581,4990,4.95,19,18
AXsmileSP,748,Entertainment,580,3451,4.88,8,3
AXsmileSP,748,Entertainment,585,3537,5.0,6,5
AXsmileSP,748,Entertainment,597,3246,5.0,7,2
AXsmileSP,748,Entertainment,342,1652,5.0,6,4
nilojini,748,Entertainment,339,3238,4.5,8,0
nilojini,748,Entertainment,292,3020,4.83,6,0
nilojini,748,Entertainment,287,2442,4.0,5,0
nilojini,748,Entertainment,287,2223,4.0,5,0
nilojini,748,Entertainment,273,2338,4.75,4,1
nilojini,748,Entertainment,296,1762,4.14,7,0
nilojini,748,Entertainment,301,2706,4.2,5,3
nilojini,748,Entertainment,136,2826,3.71,7,0
nilojini,748,Entertainment,124,1261,4.33,6,2
KoffeeWithKaran,742,Entertainment,31,13353,4.7,20,14
240sxser,704,Autos & Vehicles,69,211,0.0,0,0
a93redteg,541,Autos & Vehicles,38,652,4.0,1,2
slesperance,585,Howto & DIY,252,50934,4.67,57,26
ragnarok2015,327,Entertainment,20,17170,4.88,8,6
archt01,460,Howto & DIY,64,67815,4.71,48,32
archt01,460,Travel & Places,154,82250,4.83,60,33
kyNephi,574,Howto & DIY,265,30062,4.62,56,45
Jefrystube,624,Howto & DIY,230,7643,4.83,12,5
yuandrew,461,Autos & Vehicles,31,23383,4.9,30,19
CalhounMooney,607,Autos & Vehicles,29,6249,5.0,11,2
curiosoperoinutil,262,Howto & DIY,64,35155,4.79,33,6
chukundi,419,Entertainment,415,1988,4.0,2,1
firdaddy,535,Autos & Vehicles,46,4657,3.0,4,1
tvpoltrona,0,UNA,80,26930,4.35,26,0
kewltrmpt,749,Film & Animation,451,1929,5.0,15,11
rockyblizzard,749,Film & Animation,450,5040,4.79,24,23
zabat,748,Film & Animation,451,217,5.0,2,1
reloadxero,748,Film & Animation,451,1178,4.38,8,10
jkoz,748,Film & Animation,69,232,5.0,2,2
Regdod89,748,Film & Animation,450,120,0.0,0,0
jkoz,748,Film & Animation,451,234,5.0,3,3
yeyera,749,Film & Animation,450,226,5.0,1,1
tomkatt742,749,Entertainment,681,334,3.0,2,0
zboyforGod,748,Entertainment,451,93,5.0,1,0
eugenesuke,742,Entertainment,7,97,0.0,0,0
Evernham91019,747,Sports,587,7558,4.58,12,22
bashirokx,748,Sports,31,225,0.0,0,0
Edwin101788,747,Sports,517,1364,5.0,2,2
Edwin101788,747,Sports,425,883,3.0,2,2
Edwin101788,747,Sports,218,470,0.0,0,2
Jeff1020,747,Sports,256,512,1.0,1,0
afilmby,747,Sports,260,2230,4.2,5,18
donimator1,747,Autos & Vehicles,119,268,1.0,2,0
Evernham91019,747,Sports,487,528,5.0,2,0
Evernham91019,748,Sports,359,766,0.0,0,2
Mikey2448,748,Sports,291,868,5.0,1,0
Mikey2448,748,Sports,170,6533,4.83,12,40
TheAutoChannel,746,Sports,1555,379,0.0,0,2
stephenkay,608,Sports,347,5643,4.64,14,20
TAVO665,609,Comedy,85,8045,2.2,15,7
azevedo2008,517,Sports,130,8639,4.83,12,3
kirkpatrick321,581,Autos & Vehicles,130,3937,5.0,12,10
jcdriven,746,Sports,243,309,4.0,1,1
mattzel89,634,Sports,10,3047,3.0,1,0
DustXL,749,News & Politics,141,769,3.0,2,4
iguanadeoro,748,News & Politics,109,1459,1.0,1,2
Cuuzi,586,Comedy,49,1808,4.6,5,2
drinkingwithbob,749,News & Politics,65,243,4.43,7,0
jamesalexandercox,0,UNA,141,10361,3.35,20,68
ThePatriotsMaxim,746,News & Politics,117,48408,4.45,91,184
AngryAussie,734,News & Politics,86,597,4.57,28,55
honestdon,204,Film & Animation,95,4398,3.0,21,22
MIKEHUNTdotTV,749,News & Politics,122,481,5.0,3,9
lusic70,658,Entertainment,104,1968,4.78,9,18
zyonasan,748,News & Politics,72,633,0.0,0,1
zyonasan,747,News & Politics,61,3461,4.0,4,21
MilleniumAi,643,Film & Animation,135,725,5.0,8,23
xangelxkizzx,738,Music,299,611,4.0,5,1
LiuYuSiRocks,692,People & Blogs,224,101,4.5,2,2
chloeblack101,744,Entertainment,300,249,5.0,4,1
j1125,428,Gadgets & Games,234,1952,4.83,12,3
Gul06,0,UNA,272,132483,4.79,531,116
byantikar,720,Entertainment,260,11270,4.55,22,9
lillibby,595,Entertainment,271,11863,4.33,43,31
ciclope69,0,UNA,270,18709,4.83,23,11
notoriouspog,682,Music,270,5140,5.0,3,4
jules64,0,UNA,270,5217,4.88,41,7
StuThaBest,718,Music,270,5017,4.5,8,2
courtneyf3,557,Music,224,4495,2.0,14,1
mikeLOLT,508,Comedy,222,4522,3.88,8,9
CassandraX,748,Music,350,799,2.33,3,1
limphotdog,733,Entertainment,27,3100,3.67,9,21
x3azninnocence,375,Comedy,250,15424,3.58,62,37
FunkeyGurlNo1,0,UNA,18,2743,3.2,5,9
djBaz06,499,Music,74,1412,4.2,5,2
fatboy68,403,Entertainment,192,27147,4.03,69,25
billdogg,603,Music,13,2289,3.67,3,5
ShadowX06,603,Entertainment,408,538,5.0,2,5
snagyroc,712,Comedy,13,117,0.0,0,0
McNeela,659,Entertainment,85,15056,4.64,22,8
d1egoz,669,Entertainment,83,4281,4.33,6,0
fieldo,635,Film & Animation,85,6664,4.4,15,7
psycomonkey,733,Entertainment,130,978,5.0,4,3
digiritter,638,Film & Animation,92,7653,4.57,14,3
jirony,670,Entertainment,67,2636,4.38,8,3
elDiablo759153,639,Comedy,92,9743,4.57,30,6
dontletmedown911,734,Film & Animation,137,1625,5.0,7,6
celtic1242,734,Entertainment,140,2478,5.0,8,3
MYchemicalROMANCE294,747,Film & Animation,137,31,0.0,0,0
cheweena,667,Comedy,58,12199,3.5,52,20
woodsie01,635,Entertainment,86,1309,3.8,5,1
JON371,736,Entertainment,134,658,5.0,3,3
drchinface,514,Howto & DIY,142,4174,4.52,44,82
mwdrum,739,Music,397,15,0.0,0,0
mwdrum,741,Music,107,7,0.0,0,0
DallinJeepsUtah,536,People & Blogs,107,2454,4.13,23,25
dekerules,519,Music,224,2310,5.0,6,0
Murph717,419,Entertainment,261,552,4.84,25,3
foamsinmouth,460,Comedy,322,739,4.2,5,2
nastyandsinister,387,Music,188,471,5.0,10,0
terminusj,496,Music,152,3672,4.22,9,5
terminusj,497,Music,151,2067,4.0,5,2
Losaka,370,Music,248,349,0.0,0,0
mellfel,636,Music,177,1203,5.0,3,0
getrichscam,725,Music,242,323,0.0,0,0
Tadazzler,733,Music,231,308,5.0,2,2
MIKEROTCH,328,Entertainment,288,1386,0.0,0,0
Murph717,406,Entertainment,188,333,5.0,2,0
pconterulez,535,Music,148,842,0.0,0,0
WatertownSurfer,643,Howto & DIY,20,519,0.0,0,0
DER2,748,Comedy,9,76,3.5,4,3
littleloca,461,News & Politics,298,107446,4.13,1128,1459
littleloca,464,News & Politics,295,19866,4.23,191,318
littleloca,632,Comedy,256,79949,3.72,636,487
amburrtron,638,News & Politics,326,9844,3.39,94,21
littleloca,635,News & Politics,342,79066,3.45,841,604
JackDare,569,News & Politics,597,336,5.0,1,5
HorrorRod,633,News & Politics,57,892,1.5,8,3
eyelovemec,633,Comedy,10,1634,4.56,18,7
brettkeane,734,People & Blogs,135,902,4.27,99,18
toprank144,668,Music,227,3288,4.95,495,4
cocolee53,615,Music,296,2229,4.95,472,4
toprank144,648,Music,253,2644,4.98,580,6
yanyan144,560,Music,325,1402,4.93,190,0
toprank144,673,Music,207,3983,4.92,351,13
xiaoxue4,533,Music,291,148,4.92,12,0
yanyan144,558,Music,362,537,4.97,137,0
ameienfong,543,Music,275,400,4.97,143,0
xiaoxue4,534,Music,141,201,4.94,16,0
wovoka3,536,Music,158,391,5.0,18,0
toprank144,655,Music,238,1978,4.97,539,7
toprank144,666,Music,311,1303,4.93,310,2
toprank144,663,Music,251,1690,4.99,427,11
xiaoxue4,602,Music,284,4305,4.82,353,2
ameienfong,600,Music,277,1762,4.94,444,4
cocolee53,610,Music,196,1669,4.96,493,2
yanyan144,558,Music,193,1628,4.97,214,2
mowakowada,598,Music,95,2592,4.94,317,6
xiaoxue4,533,Music,292,1067,4.96,106,0
wovoka3,529,Music,262,1212,4.91,130,0
ameienfong,601,Music,277,1365,4.93,272,1
mowakowada,598,Music,455,327,5.0,10,0
mowakowada,598,Music,240,2225,4.93,309,0
Piasora,551,Comedy,410,14359,4.83,47,15
Piasora,570,Comedy,409,11313,4.85,40,13
Piasora,576,Comedy,408,33601,4.6,80,25
bobthurmanpodcast,622,People & Blogs,346,1229,5.0,6,0
dhukka123,748,Music,600,19,5.0,1,0
TheAmazingAtheist,665,People & Blogs,960,3023,3.57,122,165
JohnCad71,666,People & Blogs,550,1208,3.95,37,37
LiveVegan,745,Pets & Animals,487,383,5.0,4,0
BuddhaBlurbs,566,News & Politics,594,123,0.0,0,0
jamesFownes,556,Travel & Places,238,499,5.0,5,0
michaelwiese,639,Travel & Places,103,1124,4.4,5,1
HisRoyalDudeliness,740,Film & Animation,10,381,4.0,8,18
EnticingAna,745,People & Blogs,179,75,4.56,9,7
ktazzman,745,Comedy,162,113,3.25,4,3
Evan1701,745,People & Blogs,151,80,5.0,2,6
bomb69,745,Comedy,23,152,4.0,5,9
chaoticpix93,746,Comedy,78,12,4.0,1,0
dealbayofficial,723,Film & Animation,25,605,3.2,10,3
Chitownfcko,724,News & Politics,130,146,3.0,2,5
khayav,688,People & Blogs,88,880,4.5,24,25
ktazzman,748,People & Blogs,357,38,4.0,3,2
theorderly29,749,People & Blogs,160,53,5.0,3,3
darooguy,749,People & Blogs,98,63,3.67,3,3
Montagraph,748,Comedy,359,590,4.69,59,45
Juicebiz,633,Travel & Places,323,459,2.5,4,1
sandratoliver,671,Travel & Places,8,32,0.0,0,0
geerawrd111,749,Film & Animation,613,709,4.86,66,18
geerawrd111,749,Film & Animation,600,572,4.84,63,11
geerawrd111,749,Film & Animation,525,547,4.85,67,17
Danicxx,582,Music,63,102557,4.87,235,77
friendofdarwin,748,People & Blogs,122,142,4.72,18,20
Klingonmastr,749,People & Blogs,93,95,5.0,3,2
charliehymas5,749,People & Blogs,343,20,0.0,0,2
schmoja,745,People & Blogs,391,5,0.0,0,0
nw0,748,People & Blogs,2,43,0.0,0,0
brettkeane,748,People & Blogs,457,473,4.65,52,7
coolsmurf,529,Entertainment,352,20025,4.76,152,58
coolsmurf,749,Entertainment,270,891,5.0,32,12
coolsmurf,530,Entertainment,165,25231,4.83,165,55
czmoon,530,Entertainment,530,13519,4.8,83,26
czmoon,530,Entertainment,579,10787,4.89,105,25
czmoon,530,Entertainment,570,9776,4.92,90,26
czmoon,530,Entertainment,592,8431,4.93,76,13
czmoon,530,Entertainment,574,8348,4.93,99,37
czmoon,530,Entertainment,519,9562,4.91,77,34
czmoon,530,Entertainment,538,8589,4.81,74,26
czmoon,530,Entertainment,580,7080,4.91,79,17
czmoon,530,Entertainment,545,7487,4.88,66,14
czmoon,530,Entertainment,562,6019,4.92,53,12
czmoon,530,Entertainment,434,6663,4.84,70,13
ilovexman,593,Entertainment,525,7755,4.86,35,18
czmoon,530,Entertainment,357,6668,4.94,72,19
czmoon,530,Entertainment,398,5702,4.93,43,20
ilovexman,593,Entertainment,557,5813,4.83,23,5
ilovexman,593,Entertainment,525,5257,4.96,24,4
bcgandoff,748,People & Blogs,95,49,5.0,1,0
NeeseO,748,People & Blogs,603,69,4.0,4,4
NeeseO,748,People & Blogs,474,54,3.0,2,1
norcal999,748,People & Blogs,111,37,1.0,1,0
charliehymas5,749,People & Blogs,409,28,1.0,1,0
AntiRelusionist,748,People & Blogs,264,206,4.67,21,20
colinberry1,749,People & Blogs,1053,65,4.33,3,3
Klingonmastr,748,People & Blogs,101,149,4.25,12,10
serathing,748,Entertainment,600,2578,4.97,62,31
Jessicasoon,718,Entertainment,33,1209,5.0,2,0
everlastingsmile77,748,Entertainment,489,2850,4.95,20,3
everlastingsmile77,748,Entertainment,430,2485,4.89,19,8
darianebryan,727,Music,104,1102,3.17,6,2
tramine18,748,Entertainment,521,591,4.83,6,1
tramine18,748,Entertainment,331,381,5.0,5,1
tramine18,748,Entertainment,453,351,5.0,3,1
seandrei4,708,Pets & Animals,43,149,0.0,0,0
turnipsoup,526,Film & Animation,600,5468,4.93,55,10
monyoman,748,Comedy,545,905,4.68,66,13
monyoman,748,Comedy,543,912,4.83,52,9
monyoman,748,Comedy,211,798,4.76,62,14
monyoman,633,Comedy,1394,7817,4.78,36,17
monyoman,626,Comedy,1425,6101,4.96,23,13
monyoman,648,Entertainment,1355,5112,4.89,38,14
monyoman,619,Comedy,1425,4430,5.0,18,7
monyoman,689,Comedy,1173,4467,4.86,59,22
monyoman,619,Comedy,709,5626,4.87,30,18
monyoman,648,Entertainment,851,4105,4.82,28,13
monyoman,633,Comedy,980,3153,5.0,19,9
monyoman,626,Comedy,699,3908,4.71,14,7
monyoman,672,Entertainment,1022,3104,4.81,36,12
juliafanatic,331,Entertainment,285,10584,4.62,29,7
monyoman,605,Comedy,20,984,5.0,1,0
monyoman,689,Entertainment,1126,4132,4.89,57,13
darenmay,721,Comedy,210,2073,4.4,10,3
ShitWeDoAtCamp,545,Comedy,35,1394,4.33,12,6
alectomonyo,587,Comedy,26,16621,4.41,37,5
davidcannon87,465,Comedy,106,260,0.0,0,1
Kidcov88,465,Music,82,201,0.0,0,1
mikedokes,558,Sports,360,16077,4.89,28,25
mysticsparrow,663,People & Blogs,75,1112,3.67,3,2
kevinblackwelllegend,615,Comedy,381,731,5.0,1,1
hayemaker,425,Entertainment,393,2133,5.0,1,3
marsbuck,632,Comedy,595,1239,3.67,3,1
charlesianchun,607,Sports,8,1093,0.0,0,2
flyafreeman,603,Comedy,29,134,0.0,0,0
ProFightingCattolica,704,Sports,85,633,0.0,0,0
vocalpinoy,691,Comedy,30,329,0.0,0,0
deathofaknifesalesma,672,Comedy,54,62,0.0,0,0
GivesYouWings,524,Entertainment,186,2977,4.79,19,13
explosmdotcom,0,UNA,153,31100,4.49,264,110
derrickkcomedy,748,Comedy,172,52,4.14,7,1
LeonUzuki,511,Film & Animation,255,31698,4.82,305,136
NotAPimecone,738,Film & Animation,434,16778,4.8,197,254
NotAPimecone,738,Film & Animation,456,27277,4.77,202,127
punkgrl326,435,Entertainment,1206,34437,4.84,153,47
sehwa,477,Film & Animation,598,19361,4.66,183,370
Koszat,634,People & Blogs,323,50380,3.45,42,24
xelperdidox,739,Film & Animation,455,6743,4.85,67,13
Panvsbulla,0,UNA,547,33555,4.73,203,134
mrpregnant,474,Comedy,21,1818,5.0,8,5
mrpregnant,630,Comedy,72,341898,3.23,933,755
Micfri,662,Comedy,162,6459,3.35,130,135
jazzzyjoy,611,News & Politics,150,818,4.29,24,26
SirPuppet,549,News & Politics,67,2630,4.46,48,17
burnvictim77,633,Comedy,157,443,3.58,12,5
webvandaL,619,Comedy,110,538,4.2,5,7
g1547,631,People & Blogs,16,23235,2.43,53,63
topdog151,510,News & Politics,14,3060,1.85,41,7
michelene000,725,Comedy,24,414,3.3,10,5
Commandox1,723,Entertainment,85,121,4.0,3,3
cervantes18,620,Comedy,23,286,1.0,4,14
stovepipe1947,742,Howto & DIY,141,35,0.0,0,3
Barrr3h,748,People & Blogs,138,44,4.75,4,5
krabit,683,Entertainment,136,74,0.0,0,0
masterman700,738,Howto & DIY,231,211,5.0,3,1
khiyura,670,Entertainment,124,119,3.0,2,0
Pimpboy51,656,Howto & DIY,34,598,0.0,0,5
insanepants,706,Music,90,53,5.0,1,0
DanceDanceRevolution,689,Film & Animation,280,315,4.88,8,11
JeffStudios,613,Film & Animation,55,690,3.67,12,5
masterhand10,612,Comedy,97,477,2.67,6,7
emiliefive,510,Travel & Places,89,213,3.0,2,3
dirtyxdisco,725,Entertainment,53,48,1.0,2,3
thepetecom,483,Comedy,304,86,0.0,0,0
thehunterooo,603,Gadgets & Games,65,1304,2.0,4,10
sera18ph,573,Music,156,373,4.33,3,2
tuxedomark,608,Music,303,4944,4.12,17,16
SpiritmonkX,511,Music,260,3807,4.75,24,8
sweetlipz886,546,Film & Animation,168,3052,4.93,28,11
borpheus,723,Music,295,528,0.0,0,0
DevilShin,486,Film & Animation,179,4747,4.79,48,12
Sonic14,501,Film & Animation,337,4387,5.0,46,45
sinsan,570,Film & Animation,142,1399,5.0,10,3
kffaner,472,Film & Animation,249,3657,4.76,49,18
mistresschocolat,583,Music,239,715,4.86,14,10